,time,title,detail
0,[' (Sat May\xa0\xa01 11:28:44 2021)'],['【头部券商研究所 | 通信组招聘实习生】 【上海/北京 现场/远程'],['【头部券商研究所 | 通信组招聘实习生】 【上海/北京 现场/远程】 \xa0\xa0 【工作内容】  1、行业及上市公司资料及数据搜集与整理；  2、协助分析师完成行业及公司调研纪要及深度报告撰写；  3、微信公众平台运营与维护；  4、协助完成其他日常工作。  【岗位要求】  1、国内外重点院校硕士研究生或者保研本科生，2022年及以后毕业；  2、积极上进，做事认真负责，踏实靠谱、具有较强的责任心；  3、具备较强的文字表达能力以及数据收集整理能力；  4、熟练使用Wind、Excel、Word、PPT等软件；  5、连续实习至少3个月，每周至少3天，尽快开始工作。  【我们提供】  1、深入学习卖方行研基础工作的机会；  2、系统的培训及指导。 \xa0\xa0 【联系方式】\xa0\xa0\xa0\xa0\xa0\xa0\xa0\xa0\xa0\xa0\xa0\xa0\xa0\xa0 感兴趣的同学请将个人简历发送至nanw87@163.com，简历和邮件命名为“姓名-学校-专业-年级-可实习月数”（请务必按要求命名！）收到简历后我们会尽快回复您~  -- \xa0\xa0 ']
1,[' (Thu May\xa0\xa06 06:53:03 2021)'],['【工信部电子标准院】招聘新一代信息技术科研工程师'],['【工信部中国电子技术标准化研究院招聘】  【单位介绍】  中国电子技术标准化研究院（工业和信息化部电子工业标准化研究院，工业和信息化部电子第四研究院，简称“标准院”、“电子四院），创建于1963年，是工业和信息化部直属事业单位，是国家从事电子信息技术领域标准化的权威性研究机构。承担54个国际电工委员会（IEC）、国际标准化组织（ISO）和IEC第一联合技术委员会（JTC1）所属的技术委员会及分委员会国内技术归口，承担17个全国标准化技术委员会秘书处的工作；与多个国内标准化技术组织及著名机构建立了合作关系，为标准的应用推广、产业推动和国际交流合作发挥了重要的促进作用。  【资质简介】：国家认监委指定的CCC 检测机构、国家认监委指定的CCC 强制性产品认证机构、国家数字音视频及多媒体产品质量监督检验中心、国家文档软件产品质量监督检验中心、国家绿色电池质量监督检验中心、国防微电子元器件一级计量站、国家软件标准化推广中心、国家OID 注册中心、国家IC卡注册中心、电子信息产品标准化国家工程实验室、工业和信息化部工业（电子信息）产品质量控制和技术评价赛西实验室、工业和信息化部集成电路测试与评价重点实验室、工业控制系统安全标准与测评工业和信息化部重点实验室、工业和信息化部产业技术基础公共服务平台、工业和信息化部工业节能与绿色发展评价中心等。  【挂靠联盟机构简介】：中国开源云联盟、全国绿色工厂推进联盟、虚拟现实产业联盟、中国智能制造系统解决方案供应商联盟、中国制造业与互联网融合发展联盟、中国网络安全产业联盟、信息物理系统（CPS）发展论坛、全国软件测评机构联盟、工业控制系统信息安全产业联盟、中国开放对象标识（OID）应用联盟、中国开源云联盟、中国两化融合应用推广联盟、 三维数字社会管理系统标识应用联盟、开源与基础软件通用技术创新战略联盟、中国软件行业协会共创分会、中国开源软件推进联盟、中国电子质量管理协会、中国电子工业标准化技术协会等。  【招收介绍】  招收人数：3人  业务方向：工业互联网、两化融合、信息物理系统等前沿技术跟踪研究、国家课题及标准化研究等  工作地点：北京东城区安定门东大街1号  薪金待遇：面议  要求：硕士研究生及以上  【注】应届生可解决北京户口；IEEE\\ISO NIST等国际交流机会；国家智库支撑  【招收要求】  1、自动化、计算机、软件工程、信息管理、工业工程等相关专业，熟悉软件、信息化、工业自动化等相关知识者优先，党员优先；  2、具备较强的研究分析能力；  3、责任心强，自主学习和工作能力强；  4、乐观向上，善于与人沟通协作。  【招收流程】  1、将简历在发送至suwei@cesi.cn。  2、收到简历后将组织面试。  3、联系人苏老师\xa0\xa0\xa0\xa0 -- \xa0\xa0 ']
2,[' (Wed May\xa0\xa05 22:19:59 2021)'],['广发证券全资子公司招聘股权投资实习生（北京）'],"['【公司简介】  广发乾和成立于2012年5月，是广发证券股份有限公司全资设立的证券公司另类投资子公司。公司目前主要从事股权投资业务，公司投资案例包括起步股份、光弘科技、延江股份、沪宁股份、百果园、百分点、华云数据、博瑞医药等行业领先企业。公司凭借出色的投资能力，被评为""清科2020年度中国证券公司股权投资机构10强""、""清科2020年度中国私募股权投资机构100强""。 \xa0\xa0\xa0\xa0\xa0\xa0 广发乾和在广州、北京设有办公室，拥有资深的投资管理、合规专业团队，团队成员具有丰富的投资经验、运营管理经验及产业布局能力，具有良好的教育背景；管理层平均具有20年以上投行、研发、投资等金融领域的从业及管理经验。投资团队具有先进制造、TMT、消费、医药、环保新能源/新材料等行业丰富的投资经验和较为深厚的行业积淀，专注于钻研各自领域行业知识，挖掘潜在的优质投资机遇，并推动被投企业长远发展。\xa0\xa0 \xa0\xa0\xa0\xa0\xa0\xa0 更多公司信息请登录公司网站：http://qh.gf.com.cn\xa0\xa0\xa0\xa0 \xa0\xa0 【招聘职位】：股权投资实习岗（财会类专业优先）\xa0\xa0  招聘人数：1人  实习地点：北京  岗位职责：\xa0\xa0  （1）搜集相关行业资料，协助开展重点行业、市场的研究工作；  （2）协助完成企业尽职调查；  （3）协助处理综合事务；  （4）完成上级领导交办的其他工作任务。  任职要求：\xa0\xa0  （1）财会、金融、经济或相关专业背景，有相关实习经历者优先，欢迎硕士研究生（含）在读或本科已保研的同学投递简历；  （2）能熟练使用wind和PPT，有一定的财务、公司金融基础知识；  （3）能保证充足的实习时间，每周至少出勤4天，实习不少于3个月，能在实习地区自行解决住宿。 \xa0\xa0 【申请说明】\xa0\xa0\xa0\xa0\xa0\xa0  1、请将简历发至: gfqhhr@gf.com.cn，邮件及附件标题统一为“股权投资实习岗+姓名+实习地点+学校+专业+可实习几个月+一周几天”。\xa0\xa0  2、提供实习补贴和餐补。\xa0\xa0\xa0\xa0\xa0\xa0  3、欢迎有意者投递简历，对于符合要求的应聘者我们将尽快安排面谈。  -- \xa0\xa0 ']"
3,[' (Sat May\xa0\xa01 12:57:16 2021)'],['个人提供日本语一对一家教辅导（北京，纯个人）'],['本人提供日本语一对一家教辅导：初级日语、中级日语。纯个人、非机构、非中介。请联系我：要武令 要领叁二o散②叁  -- \xa0\xa0 ']
4,[' (Thu May\xa0\xa06 08:02:56 2021)'],['【实习】【可转正】北京某大型会计师事务所急招'],['单位名称：北京中瑞诚会计师事务所（特殊普通合伙）  工作地点：北京西直门枫蓝国际\xa0\xa0\xa0\xa0\xa0\xa0\xa0\xa0 工作时间：务必确保可尽快到岗  职位要求：财会专业在校生，大三、大四本科及以上学历，具备良好的学习和沟通能力，熟练使用计算机，北京生源优先。实习时间期望尽可能长，表现优异者转正机会很大。  实习薪资：100元/天，有电脑和电话补贴，另表现好的每月有几百不等的奖金。  工作说明: 多为国家级重点单位项目，学习机会难得!工作环境轻松愉快，合伙人老板是国家级的财务专家，为人大气有责任感，同事容易沟通相处。 \xa0\xa0 有意者请投邮箱:watershadow360@163.com，收到简历后我们会尽快联系您。  ※ 修改:·powerfj 于 May\xa0\xa06 08:03:32 2021 修改本文·[FROM: 223.104.3.*]  ※ 来源:·https://exp.newsmth.net·[FROM: 223.104.3.*] ']
5,[' (Wed May\xa0\xa05 18:45:48 2021)'],['【实习】【京东】推荐系统服务端开发（可转正）'],"['京东推荐部门服务端开发实习生（可转正）  职位描述  1. 负责推荐系统后端开发工作  2. 主要实现语言为golang、C++ \xa0\xa0 职位要求：  1. 计算机相关专业本科及以上学历，每周可以实习4天以上，连续实习3个月以上；  2. 具备全面的计算机知识体系，精通常用数据结构与算法，扎实的编程能力；  3. 掌握Go、Java、Python、C/C++等任意一门编程语言；Go/C++语言优先  4. 熟悉redis,es,hbase等NoSQL技术优先  5. 有强烈的求知欲、自我驱动能力、优秀的学习和沟通能力 \xa0\xa0 工作地点：北辰世纪中心A座  邮箱：tanchao35\xa0\xa0AT jd.com  -- \xa0\xa0 ']"
6,[' (Wed May\xa0\xa05 10:52:08 2021)'],['课题组杭州科研试验，招聘4到5个主试'],"['招聘原因：由于需要到杭州进行试验测量，需要多名主试，课题组人手不足，需要外援。  试验地点：杭州（近西湖，在飞行员疗养院内）  试验内容：我们的试验需要对飞行员进行生物力学参数和关节活动度参数进行测量，您需要的是操作试验设备，把相关参数记录下来，我们会对您进行培训，设备的操作很简单，但是工作内容可能有点枯燥 ，重复性地测量不同人的相同 参数。  对您（主试）的 要求：男女不限，最好有本科学历，责任心强，工作认真，态度端正，能适应简单重复的枯燥试验。  工作地点：杭州  工作时间：可能会去2次杭州，5月份一次，6月份1次，每次大概2周左右,具体时间待定。  报酬：每天150元（可能有点少），包吃住和路费。  --  联系人：柳老师 18810951785， 微信：runfly505  ※ 修改:·flyhawkboy 于 May\xa0\xa05 11:02:39 2021 修改本文·[FROM: 219.236.225.*]  ']"
7,[' (Thu May\xa0\xa06 09:27:48 2021)'],['弈智投资 量化研究员校园招聘 陆家嘴'],"['弈智投资量化研究员招聘 \xa0\xa0 【职位名称】：  量化研究员全职  量化研究员实习生（两周内可到岗，且半年内可转正者优先） \xa0\xa0 【关于弈智】  弈智投资是一家专注于全球期货股票市场量化投资的高频自营公司，公司管理团队均持有世界顶级学校博士学位（包括麻省理工、斯坦福、沃顿商学院、南加大、康奈尔等）公司核心成员曾在华尔街顶级公司(Morgan Stanley,\xa0\xa0Merrill Lynch, J.P. Morgan,\xa0\xa0Knight Capital等) 担任董事总经理、总监，在全球市场成功管理数十亿美元的资金。 \xa0\xa0 【职位要求】：  1.\xa0\xa0一流重点高校硕博士，且本科为国内 Top 10 院校或国外 Top 20 院校  2.\xa0\xa0科学/工程相关专业，如数学、统计、计算机、物理、金融工程等  3.\xa0\xa0在数学、统计、算法、金融工程等方面学术基础扎实，学习、研究能力强  4.\xa0\xa0具有扎实的编程能力，熟练掌握至少一门编程语言，如Python, R , C++等  5.\xa0\xa0熟练掌握机器学习和人工智能相关算法和技术者优先  6.\xa0\xa0具备英文日常沟通能力 \xa0\xa0 【岗位职责】：  1. 基于现有组合因子算法，利用机器学习或统计方法进行修正  2. 完善因子库，构建新因子并完成新因子的测试及改进  3. 在导师指导下，优化已有策略并研究开发新策略  4. 基于风控及持仓收益管理，研发组合最优化方法 \xa0\xa0 【你的收获】：  1.\xa0\xa0深入了解高频交易从研究到实盘的各个环节  2.\xa0\xa0全球多个市场实盘交易经验  3.\xa0\xa0行业大牛成为专属导师， 与 global team 深入交流合作  4.\xa0\xa0海量金融数据库及顶尖IT团队的技术支持\xa0\xa0 5.\xa0\xa0优厚的薪酬及五险一金，午餐补贴，协助员工落户上海  6.\xa0\xa0轻松自由的团队氛围及广阔的个人发展空间 \xa0\xa0 【工作地点】：  上海市世纪大道100号环球金融中心 \xa0\xa0 【简历投递】：\xa0\xa0  投递邮箱：yzhr@yzinv.cn, 简历命名：姓名-本科学校-硕士学校-可到岗时间。 \xa0\xa0\xa0\xa0 -- \xa0\xa0 ']"
8,[' (Mon May\xa0\xa03 21:18:01 2021)'],['华西证券军工组实习生招聘'],['工作职责：  1、整理上市公司公告，撰写日报；  2、搜集行业数据，跟踪行业动态；  3、协助研究员撰写行业、公司深度报告；  4、完成其他临时任务。 \xa0\xa0 任职要求：  1、经济、金融等专业，或者具有基本财务知识的理工科专业；  2、具备快速收集数据、整理资料能力者优先；  3、对证券行业与行业研究工作感兴趣，有券商实习经验者优先；  4、工作认真仔细，踏实肯干，执行力强，工作效率高，能够适应加班；  5、每周工作时间3天以上，实习时间不短于3个月。 \xa0\xa0 地点：北京，可远程。 \xa0\xa0 欢迎投递简历至860219678@qq.com，对于符合要求的应聘者我们将尽快安排电话面试。  简历及附件请命名“姓名-学校-专业-毕业时间-可实习多久”，如“李四-清华大学-金融学-2021年-可实习3个月” \xa0\xa0 -- \xa0\xa0 ']
9,[' (Thu May\xa0\xa06 13:12:36 2021)'],['【实习可留任】洪顺资本招聘股权投资实习岗'],['洪顺资本系洪泰基金旗下专注新三板股权投资、老股退出及Pre IPO项目的中基协备案私募基金管理人，现招聘股权投资实习助理，表现优异者可全职留任。  岗位职责：  1、协助团队进行行业及公司研究，参与拟投资项目的财务及产业分析；  2、协助准备财务顾问建议书、商业计划书及其他演示材料；  3、整理目标公司财务数据，协助搭建财务模型；  4、参与并支持私募融资、尽职调查、并购交易的执行；  5、公司领导交办的其他事务性工作。  任职要求：  1、名校金融/会计/法律/经济管理/生物工程/医学等相关专业，复合背景优先；  2、有内外资投行、PE/VC、管理咨询、四大实习经验的申请者优先；  3、财务基础扎实，信息检索能力强，研究分析能力强，熟练使用Microsoft软件（PPT、Excel等）、细节导向、接受加班、在时间压力下开展工作；  4、对金融行业、股权投资领域感兴趣，能够独立撰写投资立项及尽调报告；  5、每周工作时间3天以上，实习时间不短于2个月。  实习地点：清华大学西门对面100米华腾科技大厦  欢迎投递简历至271646873@qq.com，对于符合要求的应聘者我们将尽快安排电话面试。  简历及附件请命名“姓名-学校-专业-毕业时间-可实习多久”，如“李四-清华大学-金融学-2021年-可实习3个月” \xa0\xa0 -- \xa0\xa0 ']
10,[' (Thu May\xa0\xa06 10:01:11 2021)'],['[原创]天风研究所银行组（新财富团队）招聘带薪实习生'],['天风证券研究所是业内知名卖方大所，连续多年获得新财富本土最佳研究团队 & 最具影响力研究机构前五名。\xa0\xa0 天风银行组已连续两年入选新财富金融产业研究前三名。\xa0\xa0\xa0\xa0\xa0\xa0 【岗位描述】\xa0\xa0\xa0\xa0\xa0\xa0 1、协助信息搜集、数据库整理更新及初步分析工作，上市公司调研资料整理；\xa0\xa0\xa0\xa0\xa0\xa0 2、协助分析师撰写公司深度报告、专题研究，宏观及银行政策跟踪及点评等；\xa0\xa0\xa0\xa0\xa0\xa0 3、完成分析师交待的其他日常任务；\xa0\xa0\xa0\xa0\xa0\xa0\xa0\xa0 【福利】\xa0\xa0\xa0\xa0\xa0\xa0 1、免费自助食堂;\xa0\xa0\xa0\xa0\xa0\xa0 2、每月领取实习生津贴;\xa0\xa0\xa0\xa0\xa0\xa0 3、可开实习证明;\xa0\xa0\xa0\xa0\xa0\xa0 【岗位要求】：\xa0\xa0 1、全日制在校硕士（含大四保研），金融、经济等相关专业；\xa0\xa0\xa0\xa0\xa0\xa0 2、勤奋好学、能吃苦耐劳，能接受周末加班；\xa0\xa0\xa0\xa0\xa0\xa0 3、热爱投研事业；\xa0\xa0\xa0\xa0\xa0\xa0 4、熟练掌握Excel、PPT技能，会灵活运用Wind、Bloomberg等数据库，擅长从多种渠道\xa0\xa0 获取有价值的信息；\xa0\xa0\xa0\xa0\xa0\xa0 5、时间观念较强，响应迅速，工作任务在规定时间内按要求完成；\xa0\xa0\xa0\xa0\xa0\xa0 6、实习期至少3个月，2022年及之后毕业者优先，有行业研究或银行等相关实习工作经\xa0\xa0 验者优先。\xa0\xa0\xa0\xa0\xa0\xa0 注：自认为不满足条件2和3者，请勿浪费时间投递简历;\xa0\xa0\xa0\xa0\xa0\xa0 【投递方式及其他】\xa0\xa0\xa0\xa0\xa0\xa0 现场实习地点：北京市西城区西单地铁站附近\xa0\xa0\xa0\xa0\xa0\xa0\xa0\xa0  投递邮箱：390467507@qq.com\xa0\xa0\xa0\xa0\xa0\xa0 投递要求：请发送简历（附照），邮件主题及简历名称请按“姓名-学校-专业-毕业时\xa0\xa0 间-可实习时间”，若有写过的研究报告等可展现研究实力的材料/作品，可一并放在附\xa0\xa0 件中。\xa0\xa0 -- \xa0\xa0 ']
11,[' (Thu May\xa0\xa06 13:32:53 2021)'],['【实习】首创证券-研究所-建材组实习生招聘'],['职责：  1、\xa0\xa0\xa0\xa0搜集行业信息，撰写行业研究报告；  2、\xa0\xa0\xa0\xa0整理公司资料，撰写公司研究报告；  3、\xa0\xa0\xa0\xa0协助分析师完成其他日程工作，包括整理日报、周报、整理数据库及会议资料。 \xa0\xa0 要求：  1、\xa0\xa0\xa0\xa0研究生学历，国内重点高校；  2、\xa0\xa0\xa0\xa0对证券研究感兴趣，会主动思考；  3、\xa0\xa0\xa0\xa0实习期间不短于3月，每周不少于3天；  4、\xa0\xa0\xa0\xa0及时响应工作需求，并按时保证质量完成工作安排。 \xa0\xa0 地点：  北京积水潭 \xa0\xa0 联系：  jiaojunkai@sczq.com.cn，邮件主题“姓名-学校-毕业时间”，例如“凯文-清华大学- 2023年6月” \xa0\xa0 -- \xa0\xa0 ']
12,[' (Thu May\xa0\xa06 16:34:25 2021)'],['【上海实习】华创证券研究所家电组研究助理招聘'],['【工作内容】  1、配合团队进行行业基础数据与资料的搜集、整理及初步分析；  2、协助团队完成行业专题报告，公司报告的撰写；  3、协助团队进行周报撰写、公司事件点评和财报点评；  4、其他相关研究工作。 \xa0\xa0\xa0\xa0\xa0\xa0\xa0\xa0\xa0\xa0\xa0\xa0\xa0\xa0\xa0\xa0 【优势福利】\xa0\xa0\xa0\xa0  1、行业研究框架学习机会；  2、经答辩后可提供一定的实习补助；  3、对1-2个细分行业、几个标的公司有一定深度理解。  4、获得足够逻辑能力，能辅助/独立撰写行业/公司研究报告  5、不定期读书会及培训交流，聆听不同行业研究员经验分享；  6、表现优异者将进入留用序列，有留用机会。 \xa0\xa0\xa0\xa0\xa0\xa0\xa0\xa0 【职位要求】  1、重点高校金融相关专业在读，电子专业有金融基础也可考虑，仅面向大四已保研至研一学生（2022年及以后毕业）；  2、有意愿从事证券行业研究相关工作，吃苦耐劳，工作细致，有一定抗压能力；  3、每周工作4天以上，持续实习3个月以上，可尽快到岗；  4、能够熟练使用Wind优先，有相关实习经历及相关资格证书优先。 \xa0\xa0\xa0\xa0\xa0\xa0\xa0\xa0 【工作地点】  上海陆家嘴花旗集团大厦。 \xa0\xa0\xa0\xa0\xa0\xa0\xa0\xa0 【简历投递】  简历以及邮件请以“姓名-学校-专业-毕业时间-何时到岗-实习多久-每周几天”命名；  投递邮箱：qin_yichao@outlook.com  我们将尽快安排面试，请有意者抓紧时间投递。  -- \xa0\xa0 ']
13,[' (Thu May\xa0\xa06 12:20:03 2021)'],['【实习】京东科技-宏观研究院-【金融数据实习生】'],"['岗位职责  1、整理宏观和金融市场数据图表  2、维护和开发数据图库和报告模板  3、支持量化分析模型  4、其他 \xa0\xa0\xa0\xa0\xa0\xa0\xa0\xa0\xa0\xa0\xa0\xa0\xa0\xa0 资历要求  必备项：  1、重点院校大四及以上，金融工程或统计、计算机专业（其他专业优秀者亦可）  2、熟练掌握EXCEL，并有万得/同花顺/彭博等使用经验  3、可实习不低于4个月,每周四天以上  4、较好掌握VBA和Python  加分项：  1、全勤/能尽快入职者优先  2、有卖方实习经验优先  3、细心、热情者优先 \xa0\xa0\xa0\xa0\xa0\xa0\xa0\xa0\xa0\xa0 简历请发送至：jiheng@jd.com和zhangjiayi@jd.com  标题请注明：学校+专业+学历+姓名+计划实习时间+每周到岗几天+最早到岗时间  例：XX大学_XX专业_大四_张三_4个月_5天_10月31日  -- \xa0\xa0 ']"
14,[' (Thu May\xa0\xa06 10:36:25 2021)'],['【实习】【启迪控股】日语实习生'],['岗位名称：日语实习生\xa0\xa0 隶属部门：启迪控股总部·国际合作部\xa0\xa0 工作地点：北京市海淀区清华科技园\xa0\xa0 岗位需求：实习2人 \xa0\xa0\xa0\xa0  岗位职责：\xa0\xa0 1、协助领导组织策划中日线上、线下科技创新活动、论坛活动；\xa0\xa0 2、日本项目文案翻译、文案的撰写，会议商务交流口语翻译；\xa0\xa0 3、负责与合作伙伴的沟通协调；\xa0\xa0 4、配合领导挖掘新的项目合作。\xa0\xa0\xa0\xa0\xa0\xa0  任职要求：\xa0\xa0 1、日语专业八级，日语功底扎实、听说读写流畅，可胜任商务口笔译；\xa0\xa0 2、每周1-2天，平时不坐班，会议、活动需到场办公，  3、招假期实习，能连续工作3个月以上者优先考虑；\xa0\xa0 4、形象好，热情开朗，细致善于学习；\xa0\xa0 5、有活动组织经验、交换或留学经验优先。\xa0\xa0\xa0\xa0\xa0\xa0 工作地点：北京市海淀区清华科技园\xa0\xa0\xa0\xa0\xa0\xa0 薪酬待遇：  按日结算，100元/天+午餐，优秀人才欢迎面议\xa0\xa0 可开实习证明，表现优秀者可推荐至日本大企业工作\xa0\xa0\xa0\xa0\xa0\xa0 联系方式：hr@tuspark.com\xa0\xa0\xa0\xa0\xa0\xa0\xa0\xa0\xa0\xa0\xa0\xa0\xa0\xa0邮件标题请务必写清“日语实习+姓名” \xa0\xa0\xa0\xa0\xa0\xa0\xa0\xa0 ——————————————————————————————\xa0\xa0\xa0\xa0\xa0\xa0 公司简介：\xa0\xa0\xa0\xa0\xa0\xa0\xa0\xa0\xa0\xa0\xa0\xa0启迪控股股份有限公司（以下简称：启迪控股）成立于2000年7月，其前身是成立于1994年8月的清华科技园发展中心。启迪控股是一家依托清华大学设立的聚焦科技服务领域的科技投资控股集团，是清华科技园开发建设与运营管理单位，是首批国家现代服务业示范单位。公司控（参）股启迪药业、启迪环境、世纪互联、BIOREM、启迪国际、启迪设计、绿盟科技、中文在线、北控清洁能源、兆易创新、中航讯、图卫科技等上市及非上市企业800多家，管理总资产规模近2000亿元人民币。\xa0\xa0\xa0\xa0\xa0\xa0\xa0\xa0\xa0\xa0 作为启迪控股的旗舰产品，清华科技园（TusPark）园区总面积77万平方米，入驻企业超过1500家。目前，清华科技园已经成为跨国公司研发总部、中国科技企业总部和创新创业企业的聚集地，是清华大学服务社会功能的重要平台，是推动区域自主创新的重要平台，已经发展成为中国乃至世界科技园行业的知名品牌。\xa0\xa0\xa0\xa0\xa0\xa0\xa0\xa0\xa0\xa0 经过20多年的发展与探索，启迪控股在科技园区规划建设和运营管理领域积累了丰富的经验，形成了一支高素质的经营管理队伍，积极推动创新资源与区域经济的有机互动，成功构建起以超过300个孵化器、科技园、科技城为载体的全球创新服务网络，辐射网络覆盖北京、上海、广州、深圳等中国大陆各主要城市以及香港、澳门、美国、英国、意大利、俄罗斯、澳大利亚、瑞士、荷兰、瑞典、韩国、泰国、埃及、巴西等国内外80多个城市及地区，成为中国科技创新体系中的一支主力军。\xa0\xa0\xa0\xa0\xa0\xa0\xa0\xa0\xa0\xa0 启迪控股积极响应国家创新驱动发展战略，落实清华大学服务社会职能，构建了全球创新网络建设和运营、全链条科技企业孵化投资和科技产业集群管理三大创新业务体系，形成了独特的“技术、产业、资本”、“园区、实业、金融”、“政府、企业、大学”立体三螺旋发展模式。在深入落实校企改革精神的指引下，启迪控股明确提出了新时代的三大战略：雄安战略、军民融合战略和一带一路战略。在“致力于成为科技服务业的中国引领者和全球典范”、“成为战略性新兴产业发动机”的总目标下，以“立体三螺旋”模式为实践抓手，启迪控股将聚焦“新产业+新基建”的“双新”道路，以政企深度融合的“双向”路径推动科技服务创新。坚守“科技成果转化，创业企业孵化，创新人才培育”的初心和使命，启迪控股将全力投身科技报国与科技强国事业，为国家和平发展贡献科创力量!\xa0\xa0\xa0\xa0\xa0\xa0 --  启迪控股招聘邮箱：hr@tuspark.com \xa0\xa0 启迪控股网址：www.tusholdings.com  清华科技园网址：www.tuspark.com \xa0\xa0\xa0\xa0 ']
15,[' (Thu May\xa0\xa06 16:44:10 2021)'],['【实习&校招】【快手科技】电商数据分析实习生招聘'],['快手招聘电商业务商业数据分析实习生，大四保研、gap year、能保证长期时间投入的同学优先\xa0\xa0\xa0\xa0\xa0\xa0\xa0\xa0\xa0\xa0\xa0\xa0\xa0\xa0  另，本岗位也在同时进行社招内推，有兴趣的同学欢迎前来投递、咨询！\xa0\xa0\xa0\xa0\xa0\xa0\xa0\xa0\xa0\xa0\xa0\xa0\xa0\xa0\xa0\xa0\xa0\xa0 \xa0\xa0\xa0\xa0\xa0\xa0 工作地点：西二旗 快手总部\xa0\xa0\xa0\xa0\xa0\xa0\xa0\xa0\xa0\xa0\xa0\xa0\xa0\xa0\xa0\xa0\xa0\xa0\xa0\xa0\xa0\xa0\xa0\xa0\xa0\xa0\xa0\xa0\xa0\xa0\xa0\xa0\xa0\xa0\xa0\xa0\xa0\xa0\xa0\xa0\xa0\xa0\xa0\xa0\xa0\xa0\xa0\xa0\xa0\xa0\xa0\xa0\xa0\xa0\xa0\xa0\xa0\xa0\xa0\xa0\xa0\xa0\xa0\xa0\xa0\xa0\xa0\xa0\xa0\xa0\xa0\xa0\xa0\xa0\xa0\xa0\xa0\xa0\xa0\xa0\xa0\xa0\xa0\xa0\xa0\xa0\xa0\xa0\xa0\xa0\xa0\xa0\xa0\xa0\xa0\xa0\xa0\xa0\xa0\xa0\xa0\xa0\xa0\xa0\xa0\xa0\xa0\xa0\xa0\xa0  工作时间（硬性要求）：要求全职实习，每周需到岗5个工作日，能够连续实习不短于6个月，表现优异有转正机会\xa0\xa0\xa0\xa0\xa0\xa0\xa0\xa0\xa0\xa0\xa0\xa0\xa0\xa0\xa0\xa0\xa0\xa0 \xa0\xa0\xa0\xa0\xa0\xa0\xa0\xa0\xa0\xa0\xa0\xa0\xa0\xa0\xa0\xa0\xa0\xa0\xa0\xa0\xa0\xa0\xa0\xa0\xa0\xa0\xa0\xa0\xa0\xa0\xa0\xa0\xa0\xa0\xa0\xa0\xa0\xa0\xa0\xa0\xa0\xa0\xa0\xa0\xa0\xa0\xa0\xa0\xa0\xa0\xa0\xa0\xa0\xa0\xa0\xa0\xa0\xa0\xa0\xa0\xa0\xa0\xa0\xa0\xa0\xa0\xa0\xa0\xa0\xa0\xa0\xa0\xa0\xa0\xa0\xa0\xa0\xa0\xa0\xa0\xa0\xa0\xa0\xa0\xa0\xa0\xa0\xa0\xa0\xa0\xa0\xa0\xa0\xa0\xa0\xa0\xa0\xa0\xa0\xa0\xa0\xa0\xa0\xa0\xa0\xa0\xa0\xa0\xa0\xa0\xa0\xa0\xa0\xa0\xa0\xa0\xa0\xa0\xa0\xa0\xa0\xa0\xa0\xa0\xa0\xa0\xa0\xa0\xa0\xa0\xa0\xa0\xa0\xa0\xa0\xa0 岗位要求：\xa0\xa0\xa0\xa0\xa0\xa0\xa0\xa0\xa0\xa0\xa0\xa0\xa0\xa0\xa0\xa0\xa0\xa0 \xa0\xa0\xa0\xa0\xa0\xa0\xa0\xa0\xa0\xa0\xa0\xa0\xa0\xa0\xa0\xa0\xa0\xa0\xa0\xa0\xa0\xa0\xa0\xa0\xa0\xa0\xa0\xa0\xa0\xa0\xa0\xa0\xa0\xa0\xa0\xa0\xa0\xa0\xa0\xa0\xa0\xa0\xa0\xa0\xa0\xa0\xa0\xa0\xa0\xa0\xa0\xa0\xa0\xa0\xa0\xa0\xa0\xa0\xa0\xa0\xa0\xa0\xa0\xa0\xa0\xa0\xa0\xa0\xa0\xa0\xa0\xa0\xa0\xa0\xa0\xa0\xa0\xa0\xa0\xa0\xa0\xa0\xa0\xa0\xa0\xa0\xa0\xa0\xa0\xa0\xa0\xa0\xa0\xa0\xa0\xa0\xa0\xa0\xa0\xa0\xa0\xa0\xa0\xa0\xa0\xa0\xa0\xa0\xa0\xa0\xa0\xa0\xa0\xa0 希望有比较强的求生欲——遇到不会做的事情，有快速学会的勇气\xa0\xa0\xa0\xa0\xa0\xa0\xa0\xa0\xa0\xa0\xa0\xa0\xa0\xa0\xa0\xa0\xa0\xa0  需熟练使用sql，会python、R者加分\xa0\xa0\xa0\xa0\xa0\xa0\xa0\xa0\xa0\xa0\xa0\xa0\xa0\xa0\xa0\xa0\xa0\xa0  计算机、统计学、数学、经济学、金融、工程或其他相关专业加分\xa0\xa0\xa0\xa0\xa0\xa0\xa0\xa0\xa0\xa0\xa0\xa0\xa0\xa0\xa0\xa0\xa0\xa0  严谨的逻辑思考能力，做分析类case需要反复深究\xa0\xa0\xa0\xa0\xa0\xa0\xa0\xa0\xa0\xa0\xa0\xa0\xa0\xa0\xa0\xa0\xa0\xa0  有互联网行业实习经验者加分，对直播、视频行业有了解加分\xa0\xa0\xa0\xa0\xa0\xa0\xa0\xa0\xa0\xa0\xa0\xa0\xa0\xa0\xa0\xa0\xa0\xa0 \xa0\xa0\xa0\xa0\xa0\xa0\xa0\xa0\xa0\xa0\xa0\xa0\xa0\xa0\xa0\xa0\xa0\xa0\xa0\xa0\xa0\xa0\xa0\xa0\xa0\xa0\xa0\xa0\xa0\xa0\xa0\xa0\xa0\xa0\xa0\xa0\xa0\xa0\xa0\xa0\xa0\xa0\xa0\xa0\xa0\xa0\xa0\xa0\xa0\xa0\xa0\xa0\xa0\xa0\xa0\xa0\xa0\xa0\xa0\xa0\xa0\xa0\xa0\xa0\xa0\xa0\xa0\xa0\xa0\xa0\xa0\xa0\xa0\xa0\xa0\xa0\xa0\xa0\xa0\xa0\xa0\xa0\xa0\xa0\xa0\xa0\xa0\xa0\xa0\xa0\xa0\xa0\xa0\xa0\xa0\xa0\xa0\xa0\xa0\xa0\xa0\xa0\xa0\xa0\xa0\xa0\xa0\xa0\xa0\xa0\xa0\xa0 工作内容：\xa0\xa0\xa0\xa0\xa0\xa0\xa0\xa0\xa0\xa0\xa0\xa0\xa0\xa0\xa0\xa0\xa0\xa0  以定量/定性方法分析解决短视频、直播业务产品和运营中遇到的商业分析问题，完成数据分析、问题诊断、策略设计与结果评估，协助提升相关数据指标\xa0\xa0\xa0\xa0\xa0\xa0\xa0\xa0\xa0\xa0\xa0\xa0\xa0\xa0  完成可视化看板、用户调研等其它分析任务\xa0\xa0\xa0\xa0\xa0\xa0\xa0\xa0\xa0\xa0\xa0\xa0\xa0\xa0 \xa0\xa0\xa0\xa0\xa0\xa0\xa0\xa0\xa0\xa0\xa0\xa0\xa0\xa0\xa0\xa0\xa0\xa0\xa0\xa0\xa0\xa0\xa0\xa0\xa0\xa0\xa0\xa0\xa0\xa0\xa0\xa0\xa0\xa0\xa0\xa0\xa0\xa0\xa0\xa0\xa0\xa0\xa0\xa0\xa0\xa0\xa0\xa0\xa0\xa0\xa0\xa0\xa0\xa0\xa0\xa0\xa0\xa0\xa0\xa0\xa0\xa0\xa0\xa0\xa0\xa0\xa0\xa0\xa0\xa0\xa0\xa0\xa0\xa0\xa0\xa0\xa0\xa0\xa0\xa0\xa0\xa0\xa0\xa0\xa0\xa0\xa0\xa0\xa0\xa0\xa0\xa0\xa0\xa0\xa0\xa0\xa0\xa0\xa0\xa0\xa0\xa0\xa0\xa0 福利待遇：\xa0\xa0\xa0\xa0\xa0\xa0\xa0\xa0\xa0\xa0\xa0\xa0 \xa0\xa0\xa0\xa0\xa0\xa0\xa0\xa0\xa0\xa0\xa0\xa0\xa0\xa0\xa0\xa0\xa0\xa0\xa0\xa0\xa0\xa0\xa0\xa0\xa0\xa0\xa0\xa0\xa0\xa0\xa0\xa0\xa0\xa0\xa0\xa0\xa0\xa0\xa0\xa0\xa0\xa0\xa0\xa0\xa0\xa0\xa0\xa0\xa0\xa0\xa0\xa0\xa0\xa0\xa0\xa0\xa0\xa0\xa0\xa0\xa0\xa0\xa0\xa0\xa0\xa0\xa0\xa0\xa0\xa0\xa0\xa0\xa0\xa0\xa0\xa0\xa0\xa0 0、非北京高校&非北京户籍的优秀实习生可申请租房补贴\xa0\xa0\xa0\xa0\xa0\xa0  1、足够宽的业务跨度，研究涉及短视频/直播领域的方方面面（公司/业务战略、产品、运营、增长……）\xa0\xa0\xa0\xa0  2、可以直接与咨询行业、互联网行业经验丰富的前辈大牛们共事  3、与来自清北复交、Columbia、Chicago等名校的小伙伴共同学习成长  4、免费三餐、下午茶、热冷饮、健身房、按摩椅、电玩、雪糕、聚餐等  5、表现优秀有转正机会\xa0\xa0\xa0\xa0\xa0\xa0\xa0\xa0\xa0\xa0\xa0\xa0 \xa0\xa0\xa0\xa0\xa0\xa0\xa0\xa0\xa0\xa0\xa0\xa0\xa0\xa0\xa0\xa0\xa0\xa0\xa0\xa0\xa0\xa0\xa0\xa0\xa0\xa0\xa0\xa0\xa0\xa0\xa0\xa0\xa0\xa0\xa0\xa0\xa0\xa0\xa0\xa0\xa0\xa0\xa0\xa0\xa0\xa0\xa0\xa0\xa0\xa0\xa0\xa0\xa0\xa0\xa0\xa0\xa0\xa0\xa0\xa0\xa0\xa0\xa0\xa0\xa0\xa0\xa0\xa0\xa0\xa0\xa0\xa0\xa0\xa0\xa0\xa0\xa0\xa0\xa0\xa0\xa0\xa0\xa0\xa0\xa0\xa0\xa0\xa0\xa0\xa0\xa0\xa0\xa0\xa0\xa0\xa0\xa0\xa0\xa0\xa0\xa0\xa0\xa0\xa0\xa0\xa0\xa0\xa0\xa0\xa0\xa0\xa0\xa0\xa0\xa0\xa0\xa0\xa0\xa0\xa0\xa0\xa0\xa0\xa0\xa0\xa0\xa0\xa0\xa0\xa0\xa0\xa0\xa0\xa0\xa0\xa0\xa0\xa0\xa0\xa0\xa0\xa0\xa0\xa0\xa0\xa0\xa0\xa0\xa0\xa0\xa0\xa0\xa0\xa0\xa0\xa0\xa0\xa0\xa0\xa0\xa0\xa0\xa0\xa0\xa0\xa0\xa0\xa0\xa0\xa0\xa0\xa0\xa0\xa0\xa0\xa0\xa0\xa0\xa0\xa0\xa0\xa0\xa0\xa0\xa0\xa0\xa0\xa0\xa0\xa0\xa0\xa0\xa0\xa0\xa0\xa0\xa0\xa0\xa0\xa0\xa0\xa0\xa0\xa0\xa0\xa0\xa0\xa0\xa0\xa0\xa0\xa0\xa0\xa0\xa0\xa0 备注：\xa0\xa0\xa0\xa0\xa0\xa0\xa0\xa0\xa0\xa0\xa0\xa0\xa0\xa0\xa0\xa0 \xa0\xa0\xa0\xa0\xa0\xa0\xa0\xa0\xa0\xa0\xa0\xa0\xa0\xa0\xa0\xa0\xa0\xa0\xa0\xa0\xa0\xa0\xa0\xa0\xa0\xa0\xa0\xa0\xa0\xa0\xa0\xa0\xa0\xa0\xa0\xa0\xa0\xa0\xa0\xa0\xa0\xa0\xa0\xa0\xa0\xa0\xa0\xa0\xa0\xa0\xa0\xa0\xa0\xa0\xa0\xa0\xa0\xa0\xa0\xa0\xa0\xa0\xa0\xa0\xa0\xa0\xa0\xa0\xa0\xa0\xa0\xa0\xa0\xa0\xa0\xa0\xa0\xa0\xa0\xa0\xa0\xa0\xa0\xa0\xa0\xa0\xa0\xa0\xa0\xa0\xa0\xa0\xa0\xa0\xa0\xa0\xa0\xa0\xa0\xa0\xa0\xa0\xa0\xa0\xa0\xa0\xa0\xa0\xa0\xa0\xa0\xa0 来信请勿设置已读回执\xa0\xa0\xa0\xa0\xa0\xa0\xa0\xa0\xa0\xa0\xa0\xa0\xa0\xa0\xa0\xa0  请写全所有教育/工作经历\xa0\xa0\xa0\xa0\xa0\xa0\xa0\xa0\xa0\xa0\xa0\xa0  简历中请注明微信号和国内手机号\xa0\xa0\xa0\xa0\xa0\xa0\xa0\xa0\xa0\xa0\xa0\xa0  务必在简历和邮件中注明毕业时间、预计实习期的起止时间\xa0\xa0\xa0\xa0\xa0\xa0\xa0\xa0\xa0\xa0\xa0\xa0\xa0\xa0\xa0\xa0 \xa0\xa0\xa0\xa0\xa0\xa0\xa0\xa0\xa0\xa0\xa0\xa0\xa0\xa0\xa0\xa0\xa0\xa0\xa0\xa0\xa0\xa0\xa0\xa0\xa0\xa0\xa0\xa0\xa0\xa0\xa0\xa0\xa0\xa0\xa0\xa0\xa0\xa0\xa0\xa0\xa0\xa0\xa0\xa0\xa0\xa0\xa0\xa0\xa0\xa0\xa0\xa0\xa0\xa0\xa0\xa0\xa0\xa0\xa0\xa0\xa0\xa0\xa0\xa0\xa0\xa0\xa0\xa0\xa0\xa0\xa0\xa0\xa0\xa0\xa0\xa0\xa0\xa0\xa0\xa0\xa0\xa0\xa0\xa0\xa0\xa0\xa0\xa0\xa0\xa0\xa0\xa0\xa0\xa0\xa0\xa0\xa0\xa0\xa0\xa0\xa0\xa0\xa0\xa0\xa0\xa0\xa0\xa0\xa0\xa0\xa0\xa0\xa0\xa0 简历请投递至：wangkai07@kuaishou.com，务必在简历和邮件中注明毕业时间、预计实习期的起止时间  -- \xa0\xa0 ']
16,[' (Mon May\xa0\xa03 18:16:28 2021)'],['实习/博后 阿联酋人工智能大学'],"['世界第一所人工智能大学博士后及研究助理职位招聘  Postdoctoral Research Fellow\xa0\xa0and Research Assistant Openings at MBZUAI, UAE \xa0\xa0 阿联酋人工智能大学Bin Gu(https://mbzuai.ac.ae/pages/bin-gu/)和Huan Xiong(https://mbzuai.ac.ae/pages/huan-xiong/)的研究组最近要招聘多名研究助理（Research Assistant）和博士后（Postdoctoral Research Fellow），主要研究任务是围绕Spiking Neural Networks在国际知名学术杂志以及会议上发表研究成果。具体招聘需求如下： \xa0\xa0 招聘：  1. 项目博士后：主要围绕Spiking Neural Networks展开项目研究，2个名额。  2. 普通博士后：围绕各种机器学习问题自由展开研究，1个名额。  3. 研究助理若干。 \xa0\xa0 基本要求：  1、 有良好的研究态度，对工作认真、严谨、负责；  2、 数学类课程掌握扎实，具有良好的理论素质；  3、 优先考虑具有相关领域研究工作经历、在知名国际会议(e.g., ICML, NeurIPS, ICLR, AAAI,\xa0\xa0CVPR, ICCV) 或者杂志上(e.g., JMLR, T-PAMI)发表过研究成果的申请者。 \xa0\xa0 工资待遇：  课题组将为博士后提供有竞争力的薪资待遇；充分的学术自由以从事前沿研究并发表顶级水平论文的研究环境；立即开始研究工作所需的尖端实验条件。 \xa0\xa0 联系方式：如果您感兴趣，请将个人简历及发送至bin.gu@mbzuai.ac.ae\xa0\xa0或者 huan.xiong@mbzuai.ac.ae  -- \xa0\xa0 ']"
17,[' (Thu May\xa0\xa06 16:53:00 2021)'],['个人提供英语和日语一对一家教辅导（纯个人）'],['英语辅导20年，年年有收获，桃李满天下。本人提供：中考英语、高考英语、考研英语、公共英语、雅思、商务英语、英语口语、日语一对一上门家教辅导。非中介、非机构、纯个人。联系：姚五岭 要o三贰令叁贰三  -- \xa0\xa0 ']
18,[' (Mon May\xa0\xa03 13:52:03 2021)'],['招聘：【北京】华泰证券-华泰创新-股权投资团队 招聘实习生'],['招聘：【北京】华泰证券-华泰创新-股权投资团队 招聘实习生 \xa0\xa0  工作方向：风险投资（PE/VC）——科技方向（暂无实习留用机会） \xa0\xa0  你需要做的:  1、进行信息收集，公司案例研究及投资项目Note撰写；  2、撰写科技相关细分领域（云计算、基础软件、商业智能、人工智能、金融科技等）的研究报告；  3、配合投资经理完成项目尽调以及立项会/投委会材料的撰写；  4、配合投资经理完成项目投后管理的相关工作；  5、投资经理安排的其他相关工作。 \xa0\xa0  希望你是：  1、每周保证4天及以上的工作时间，能够长期全职实习者优先，有VC/PE实习经历优先；  2、TOP院校已保研或硕士低年级在读，具备一定经济、金融、管理类专业知识，具有计算机复合教育背景优先；  3、具有较强的逻辑思维和研究能力，善于结构化思维和解构复杂性；  4、辩证思维、独立思考、证伪主义、勤奋务实、好奇心强、自我驱动；  5、对于科技行业有极大热情，将来有志于从事VC/PE投资工作。 \xa0\xa0  工作地点：北京金融街 \xa0\xa0  简历投递：yuyf15@tsinghua.org.cn  （标题备注：姓名+学校+年级+每周实习天数） \xa0\xa0  截止日：2021年5月11日  -- \xa0\xa0 ']
19,[' (Thu May\xa0\xa06 14:05:34 2021)'],['北京益源信通医疗科技有限公司招聘实习生，工程师'],['北京益源信通医疗科技有限公司是一家专注于医疗信息化，医疗大数据和医疗人工智能的高科技公司，现因业务需要，招聘高级工程师，工程师，实习生若干名，岗位需求如下：\xa0\xa0 1.全日制本科应届毕业生（校招），研究生一年级或二年级（实习生）\xa0\xa0 2.有扎实的计算机专业知识基础，\xa0\xa0 3.熟练掌握Java编程语言，\xa0\xa0 4.计算机，信息通信等专业优先，\xa0\xa0 5.有良好的沟通能力，对待工作认真负责。\xa0\xa0 有意者发送简历到172172660@qq.com，简历筛选合格者安排笔试面试，工资面议。\xa0\xa0 -- \xa0\xa0 ']
20,[' (Thu May\xa0\xa06 11:37:10 2021)'],['一起教育科技推荐算法工程师招聘【年薪30-60W】'],"['【超高新招聘】 一起教育科技推荐算法工程师招聘【年薪30-60W】\xa0\xa0 【一起教育科技介绍】  一起教育科技（Nasdaq：YQ）是全球知名的K12智能教育平台，于2020年12月4日在纳斯达克上市。怀着“让学习成为美好体验”的使命，一起教育科技致力于用先进的教育科技、优质的教育内容和持续的教育热情，为K12阶段的学校、家庭、社会教育场景，提供更为高效、美好的产品和体验，开启了智能教育新时代。  经过九年的沉淀与发展，如今在全国，已有31个省市、365个城市、超过15万所公立学校乐于使用我们的平台，开启了智能教育的全新体验。 \xa0\xa0 【公司福利】  六险一金 法定节假日 带薪年假 病假 福利假 带薪培训 定制t恤 节日礼品 生日会 团建 零食下午茶 加班打车 饭补 员工租房优惠 年度体检 员工购课优惠 教学基金。 \xa0\xa0 【岗位介绍】  【推荐算法工程师】  工作职责：  1、负责业务推荐的开发和实现，优化推荐模型和策略；  2、根据海量用户行为的分析和挖掘，建立用户行为模型、提升用户体验；  3、通过机器学习、深度学习等相关算法来优化作业推荐业务各个环节模型，提升推荐效果；  4、追踪算法前沿技术，探索将新技术应用于实际业务。 \xa0\xa0 任职要求：  1、计算机相关专业，研究生及以上学历，国内外top名校优先；  2、熟悉 Linux 平台，熟悉 JAVA和Python ，有 Hadoop、Spark、Hive 等实践经验；  3、对常用机器学习算法有较强理论认识和一定的实践经验；  4、工作积极主动，具备良好的团队合作精神，较强的沟通和解决问题的能力；  5、期望通过AI技术改善现有教学系统，对参与中国教育的改进具有强烈的意愿优先。 \xa0\xa0 【AI算法工程师】  工作职责：  1、负责语音识别、图像检测、图像识别、知识图谱的相关算法的研发和优化；  2、负责深度学习相关算法的调研，研发。 \xa0\xa0 任职要求：  1、语音、计算机视觉、自然语言处理、数学、机器学习等相关专业硕士及以上学历；  2、熟练掌握 C++ 或 python，具有较强的算法实现能力；  3、具有丰富的深度学习模型训练经验，熟悉一种以上的深度学习框架，有独自实现深度学习训练算法的优先；  4、对常用的深度学习算法有较为深入的了解；  5、发表过相关领域的高质量论文者优先 (如 NIPS , CVPR, ICASSP, IJCAI 等 )。 \xa0\xa0 【机器学习算法研究员】  工作职责：  1、跟进前沿深度学习算法，改进算法并能应用于在线教育；  2、具体方向为：智能学习作业推荐（自适应学习系统）、智能学习测评相关。 \xa0\xa0 任职要求：  1、计算机、数学等相关专业硕士及以上学历；  2、熟悉机器学习基础理论和常用算法，有相关项目经验、有深度学习经验者优先；  3、熟练使用python，对数据结构和算法设计有较为深刻的理解；  4、熟悉大数据处理技术，熟练使用hadoop、hive；  5、具备优秀的分析问题、解决问题的能力和自驱力；  6、具有一定的数学建模经验、在国际期刊上发表过论文优先；  7、期望通过AI技术改善现有教学系统，对参与中国教育的改进具有强烈的意愿优先。 \xa0\xa0\xa0\xa0 【薪资待遇】年薪30-60W \xa0\xa0 【投递方式】  yan.li.a@17zuoye.com \xa0\xa0 【投递简历二维码】  [img]http://neiso.cn/UpFile/UpAttachment/2021-3/20213171448400.jpg[/img]\xa0\xa0\xa0\xa0 \xa0\xa0\xa0\xa0\xa0\xa0\xa0\xa0\xa0\xa0\xa0\xa0\xa0\xa0\xa0\xa0\xa0\xa0 -- \xa0\xa0 ']"
21,[' (Sun May\xa0\xa02 13:12:16 2021)'],['【实习&校招】【快手科技】电商数据分析实习生招聘'],['快手招聘电商业务商业数据分析实习生，大四保研、gap year、能保证长期时间投入的同学优先\xa0\xa0\xa0\xa0\xa0\xa0\xa0\xa0\xa0\xa0\xa0\xa0\xa0\xa0  另，本岗位也在同时进行社招内推，有兴趣的同学欢迎前来投递、咨询！\xa0\xa0\xa0\xa0\xa0\xa0\xa0\xa0\xa0\xa0\xa0\xa0\xa0\xa0\xa0\xa0\xa0\xa0 \xa0\xa0\xa0\xa0 工作地点：西二旗 快手总部\xa0\xa0\xa0\xa0\xa0\xa0\xa0\xa0\xa0\xa0\xa0\xa0\xa0\xa0\xa0\xa0\xa0\xa0\xa0\xa0\xa0\xa0\xa0\xa0\xa0\xa0\xa0\xa0\xa0\xa0\xa0\xa0\xa0\xa0\xa0\xa0\xa0\xa0\xa0\xa0\xa0\xa0\xa0\xa0\xa0\xa0\xa0\xa0\xa0\xa0\xa0\xa0\xa0\xa0\xa0\xa0\xa0\xa0\xa0\xa0\xa0\xa0\xa0\xa0\xa0\xa0\xa0\xa0\xa0\xa0\xa0\xa0\xa0\xa0\xa0\xa0\xa0\xa0\xa0\xa0\xa0\xa0\xa0\xa0\xa0\xa0\xa0\xa0\xa0\xa0\xa0\xa0\xa0\xa0\xa0\xa0\xa0\xa0\xa0\xa0\xa0\xa0\xa0\xa0\xa0\xa0\xa0\xa0\xa0\xa0  工作时间（硬性要求）：要求全职实习，每周需到岗5个工作日，能够连续实习不短于6个月，表现优异有转正机会\xa0\xa0\xa0\xa0\xa0\xa0\xa0\xa0\xa0\xa0\xa0\xa0\xa0\xa0\xa0\xa0\xa0\xa0 \xa0\xa0\xa0\xa0\xa0\xa0\xa0\xa0\xa0\xa0\xa0\xa0\xa0\xa0\xa0\xa0\xa0\xa0\xa0\xa0\xa0\xa0\xa0\xa0\xa0\xa0\xa0\xa0\xa0\xa0\xa0\xa0\xa0\xa0\xa0\xa0\xa0\xa0\xa0\xa0\xa0\xa0\xa0\xa0\xa0\xa0\xa0\xa0\xa0\xa0\xa0\xa0\xa0\xa0\xa0\xa0\xa0\xa0\xa0\xa0\xa0\xa0\xa0\xa0\xa0\xa0\xa0\xa0\xa0\xa0\xa0\xa0\xa0\xa0\xa0\xa0\xa0\xa0\xa0\xa0\xa0\xa0\xa0\xa0\xa0\xa0\xa0\xa0\xa0\xa0\xa0\xa0\xa0\xa0\xa0\xa0\xa0\xa0\xa0\xa0\xa0\xa0\xa0\xa0\xa0\xa0\xa0\xa0\xa0\xa0\xa0\xa0\xa0\xa0\xa0\xa0\xa0\xa0\xa0\xa0\xa0\xa0\xa0\xa0\xa0\xa0\xa0\xa0\xa0\xa0\xa0\xa0 岗位要求：\xa0\xa0\xa0\xa0\xa0\xa0\xa0\xa0\xa0\xa0\xa0\xa0\xa0\xa0\xa0\xa0\xa0\xa0 \xa0\xa0\xa0\xa0\xa0\xa0\xa0\xa0\xa0\xa0\xa0\xa0\xa0\xa0\xa0\xa0\xa0\xa0\xa0\xa0\xa0\xa0\xa0\xa0\xa0\xa0\xa0\xa0\xa0\xa0\xa0\xa0\xa0\xa0\xa0\xa0\xa0\xa0\xa0\xa0\xa0\xa0\xa0\xa0\xa0\xa0\xa0\xa0\xa0\xa0\xa0\xa0\xa0\xa0\xa0\xa0\xa0\xa0\xa0\xa0\xa0\xa0\xa0\xa0\xa0\xa0\xa0\xa0\xa0\xa0\xa0\xa0\xa0\xa0\xa0\xa0\xa0\xa0\xa0\xa0\xa0\xa0\xa0\xa0\xa0\xa0\xa0\xa0\xa0\xa0\xa0\xa0\xa0\xa0\xa0\xa0\xa0\xa0\xa0\xa0\xa0\xa0\xa0\xa0\xa0\xa0\xa0\xa0\xa0\xa0\xa0\xa0 希望有比较强的求生欲——遇到不会做的事情，有快速学会的勇气\xa0\xa0\xa0\xa0\xa0\xa0\xa0\xa0\xa0\xa0\xa0\xa0\xa0\xa0\xa0\xa0\xa0\xa0  需熟练使用sql，会python、R者加分\xa0\xa0\xa0\xa0\xa0\xa0\xa0\xa0\xa0\xa0\xa0\xa0\xa0\xa0\xa0\xa0\xa0\xa0  计算机、统计学、数学、经济学、金融、工程或其他相关专业加分\xa0\xa0\xa0\xa0\xa0\xa0\xa0\xa0\xa0\xa0\xa0\xa0\xa0\xa0\xa0\xa0\xa0\xa0  严谨的逻辑思考能力，做分析类case需要反复深究\xa0\xa0\xa0\xa0\xa0\xa0\xa0\xa0\xa0\xa0\xa0\xa0\xa0\xa0\xa0\xa0\xa0\xa0  有互联网行业实习经验者加分，对直播、视频行业有了解加分\xa0\xa0\xa0\xa0\xa0\xa0\xa0\xa0\xa0\xa0\xa0\xa0\xa0\xa0\xa0\xa0\xa0\xa0 \xa0\xa0\xa0\xa0\xa0\xa0\xa0\xa0\xa0\xa0\xa0\xa0\xa0\xa0\xa0\xa0\xa0\xa0\xa0\xa0\xa0\xa0\xa0\xa0\xa0\xa0\xa0\xa0\xa0\xa0\xa0\xa0\xa0\xa0\xa0\xa0\xa0\xa0\xa0\xa0\xa0\xa0\xa0\xa0\xa0\xa0\xa0\xa0\xa0\xa0\xa0\xa0\xa0\xa0\xa0\xa0\xa0\xa0\xa0\xa0\xa0\xa0\xa0\xa0\xa0\xa0\xa0\xa0\xa0\xa0\xa0\xa0\xa0\xa0\xa0\xa0\xa0\xa0\xa0\xa0\xa0\xa0\xa0\xa0\xa0\xa0\xa0\xa0\xa0\xa0\xa0\xa0\xa0\xa0\xa0\xa0\xa0\xa0\xa0\xa0\xa0\xa0\xa0\xa0\xa0\xa0\xa0\xa0\xa0\xa0 工作内容：\xa0\xa0\xa0\xa0\xa0\xa0\xa0\xa0\xa0\xa0\xa0\xa0\xa0\xa0\xa0\xa0\xa0\xa0  以定量/定性方法分析解决短视频、直播业务产品和运营中遇到的商业分析问题，完成数据分析、问题诊断、策略设计与结果评估，协助提升相关数据指标\xa0\xa0\xa0\xa0\xa0\xa0\xa0\xa0\xa0\xa0\xa0\xa0\xa0\xa0  完成可视化看板、用户调研等其它分析任务\xa0\xa0\xa0\xa0\xa0\xa0\xa0\xa0\xa0\xa0\xa0\xa0\xa0\xa0 \xa0\xa0\xa0\xa0\xa0\xa0\xa0\xa0\xa0\xa0\xa0\xa0\xa0\xa0\xa0\xa0\xa0\xa0\xa0\xa0\xa0\xa0\xa0\xa0\xa0\xa0\xa0\xa0\xa0\xa0\xa0\xa0\xa0\xa0\xa0\xa0\xa0\xa0\xa0\xa0\xa0\xa0\xa0\xa0\xa0\xa0\xa0\xa0\xa0\xa0\xa0\xa0\xa0\xa0\xa0\xa0\xa0\xa0\xa0\xa0\xa0\xa0\xa0\xa0\xa0\xa0\xa0\xa0\xa0\xa0\xa0\xa0\xa0\xa0\xa0\xa0\xa0\xa0\xa0\xa0\xa0\xa0\xa0\xa0\xa0\xa0\xa0\xa0\xa0\xa0\xa0\xa0\xa0\xa0\xa0\xa0\xa0\xa0\xa0\xa0\xa0\xa0 福利待遇：\xa0\xa0\xa0\xa0\xa0\xa0\xa0\xa0\xa0\xa0\xa0\xa0 \xa0\xa0\xa0\xa0\xa0\xa0\xa0\xa0\xa0\xa0\xa0\xa0\xa0\xa0\xa0\xa0\xa0\xa0\xa0\xa0\xa0\xa0\xa0\xa0\xa0\xa0\xa0\xa0\xa0\xa0\xa0\xa0\xa0\xa0\xa0\xa0\xa0\xa0\xa0\xa0\xa0\xa0\xa0\xa0\xa0\xa0\xa0\xa0\xa0\xa0\xa0\xa0\xa0\xa0\xa0\xa0\xa0\xa0\xa0\xa0\xa0\xa0\xa0\xa0\xa0\xa0\xa0\xa0\xa0\xa0\xa0\xa0\xa0\xa0\xa0\xa0 0、非北京高校&非北京户籍的优秀实习生可申请租房补贴\xa0\xa0\xa0\xa0\xa0\xa0  1、足够宽的业务跨度，研究涉及短视频/直播领域的方方面面（公司/业务战略、产品、运营、增长……）\xa0\xa0\xa0\xa0  2、可以直接与咨询行业、互联网行业经验丰富的前辈大牛们共事  3、与来自清北复交、Columbia、Chicago等名校的小伙伴共同学习成长  4、免费三餐、下午茶、热冷饮、健身房、按摩椅、电玩、雪糕、聚餐等  5、表现优秀有转正机会\xa0\xa0\xa0\xa0\xa0\xa0\xa0\xa0\xa0\xa0\xa0\xa0 \xa0\xa0\xa0\xa0\xa0\xa0\xa0\xa0\xa0\xa0\xa0\xa0\xa0\xa0\xa0\xa0\xa0\xa0\xa0\xa0\xa0\xa0\xa0\xa0\xa0\xa0\xa0\xa0\xa0\xa0\xa0\xa0\xa0\xa0\xa0\xa0\xa0\xa0\xa0\xa0\xa0\xa0\xa0\xa0\xa0\xa0\xa0\xa0\xa0\xa0\xa0\xa0\xa0\xa0\xa0\xa0\xa0\xa0\xa0\xa0\xa0\xa0\xa0\xa0\xa0\xa0\xa0\xa0\xa0\xa0\xa0\xa0\xa0\xa0\xa0\xa0\xa0\xa0\xa0\xa0\xa0\xa0\xa0\xa0\xa0\xa0\xa0\xa0\xa0\xa0\xa0\xa0\xa0\xa0\xa0\xa0\xa0\xa0\xa0\xa0\xa0\xa0\xa0\xa0\xa0\xa0\xa0\xa0\xa0\xa0\xa0\xa0\xa0\xa0\xa0\xa0\xa0\xa0\xa0\xa0\xa0\xa0\xa0\xa0\xa0\xa0\xa0\xa0\xa0\xa0\xa0\xa0\xa0\xa0\xa0\xa0\xa0\xa0\xa0\xa0\xa0\xa0\xa0\xa0\xa0\xa0\xa0\xa0\xa0\xa0\xa0\xa0\xa0\xa0\xa0\xa0\xa0\xa0\xa0\xa0\xa0\xa0\xa0\xa0\xa0\xa0\xa0\xa0\xa0\xa0\xa0\xa0\xa0\xa0\xa0\xa0\xa0\xa0\xa0\xa0\xa0\xa0\xa0\xa0\xa0\xa0\xa0\xa0\xa0\xa0\xa0\xa0\xa0\xa0\xa0\xa0\xa0\xa0\xa0\xa0\xa0\xa0\xa0\xa0\xa0\xa0\xa0\xa0\xa0\xa0\xa0\xa0 备注：\xa0\xa0\xa0\xa0\xa0\xa0\xa0\xa0\xa0\xa0\xa0\xa0\xa0\xa0\xa0\xa0 \xa0\xa0\xa0\xa0\xa0\xa0\xa0\xa0\xa0\xa0\xa0\xa0\xa0\xa0\xa0\xa0\xa0\xa0\xa0\xa0\xa0\xa0\xa0\xa0\xa0\xa0\xa0\xa0\xa0\xa0\xa0\xa0\xa0\xa0\xa0\xa0\xa0\xa0\xa0\xa0\xa0\xa0\xa0\xa0\xa0\xa0\xa0\xa0\xa0\xa0\xa0\xa0\xa0\xa0\xa0\xa0\xa0\xa0\xa0\xa0\xa0\xa0\xa0\xa0\xa0\xa0\xa0\xa0\xa0\xa0\xa0\xa0\xa0\xa0\xa0\xa0\xa0\xa0\xa0\xa0\xa0\xa0\xa0\xa0\xa0\xa0\xa0\xa0\xa0\xa0\xa0\xa0\xa0\xa0\xa0\xa0\xa0\xa0\xa0\xa0\xa0\xa0\xa0\xa0\xa0\xa0\xa0\xa0\xa0\xa0 来信请勿设置已读回执\xa0\xa0\xa0\xa0\xa0\xa0\xa0\xa0\xa0\xa0\xa0\xa0\xa0\xa0\xa0\xa0  请写全所有教育/工作经历\xa0\xa0\xa0\xa0\xa0\xa0\xa0\xa0\xa0\xa0\xa0\xa0  简历中请注明微信号和国内手机号\xa0\xa0\xa0\xa0\xa0\xa0\xa0\xa0\xa0\xa0\xa0\xa0  务必在简历和邮件中注明毕业时间、预计实习期的起止时间\xa0\xa0\xa0\xa0\xa0\xa0\xa0\xa0\xa0\xa0\xa0\xa0\xa0\xa0\xa0\xa0 \xa0\xa0\xa0\xa0\xa0\xa0\xa0\xa0\xa0\xa0\xa0\xa0\xa0\xa0\xa0\xa0\xa0\xa0\xa0\xa0\xa0\xa0\xa0\xa0\xa0\xa0\xa0\xa0\xa0\xa0\xa0\xa0\xa0\xa0\xa0\xa0\xa0\xa0\xa0\xa0\xa0\xa0\xa0\xa0\xa0\xa0\xa0\xa0\xa0\xa0\xa0\xa0\xa0\xa0\xa0\xa0\xa0\xa0\xa0\xa0\xa0\xa0\xa0\xa0\xa0\xa0\xa0\xa0\xa0\xa0\xa0\xa0\xa0\xa0\xa0\xa0\xa0\xa0\xa0\xa0\xa0\xa0\xa0\xa0\xa0\xa0\xa0\xa0\xa0\xa0\xa0\xa0\xa0\xa0\xa0\xa0\xa0\xa0\xa0\xa0\xa0\xa0\xa0\xa0\xa0\xa0\xa0\xa0\xa0\xa0\xa0\xa0 简历请投递至：wangkai07@kuaishou.com，务必在简历和邮件中注明毕业时间、预计实习期的起止时间  -- \xa0\xa0 ']
22,[' (Thu May\xa0\xa06 17:24:13 2021)'],['【实习生】【爱奇艺】后端开发岗位实习生'],['招聘岗位：直播服务后端开发实习生  职位描述：  1、负责直播业务平台和监控平台的开发和测试；  2、负责直播流数据和用户播放数据的分析和处理；  任职资格：  1、本科及以上学历在校生，计算机，软件工程等相关专业，有项目实习经验者优先；、  2、具备一定基础编程能力，熟悉常用数据结构与算法，对网络编程和多线程编程有一定程度的理解，熟练使用主流数据库；  3、熟练掌握python语言，熟悉python数据分析和处理，熟练使用tornado，django等开发框架；  4、熟悉html，css，javascript等前端开发语言，对vue等前端框架有一定的了解；  5、有责任心，敢于担当，工作积极主动，具备良好的团队合作精神；  6、一周能保证到岗时间3~5天，需到北京公司坐班，实习期最少3个月，可尽快入职优先；  工作地点：北京中关村  简历投递：wanglongjun@qiyi.com  标题备注：实习生+姓名+学校+年级  -- \xa0\xa0 ']
23,[' (Thu May\xa0\xa06 11:37:36 2021)'],['雅诗兰黛集团2022暑期实习招聘简章'],"['雅诗兰黛集团2022暑期实习招聘简章  网申地址：https://company.shixiseng.com/2022/elc-campus/ \xa0\xa0 1.关于雅诗兰黛集团  雅诗兰黛集团由雅诗·兰黛和约瑟夫·兰黛创立于1946年。经过70多年的发展，雅诗兰黛集团已傲居世界高端化妆品行业翘楚地位，生产和营销高品质的护肤、彩妆、香水和护发产品。集团旗下拥有众多知名品牌，包括Estée Lauder，Aramis, Clinique, Lab Series, Origins, Tommy Hilfiger, M·A·C, La Mer, Bobbi Brown, Donna Karan New York, DKNY, Aveda, Jo Malone London, Bumble and bumble, Michael Kors, Darphin, TOM FORD BEAUTY, Smashbox, Ermenegildo Zegna, AERIN, RODIN olio lusso, Le Labo, Editions de Parfums Frédéric Malle, GLAMGLOW, KILIAN PARIS, BECCA, Too Faced and Dr. Jart+.等，产品行销全球150多个国家与地区。  作为全球高端化妆品行业的领导者，雅诗兰黛集团拥有多元化优势和建立强势品牌的能力，以无与伦比的创造与创新能力在行业内保持领先地位。植根于每个品牌都有独特的品牌故事、与消费者建立联系的人性化方式和独一无二的全球形象，雅诗兰黛集团成功地运用多元化途径和充分的资源投入传递品牌与产品的精神与内涵。  除了大力开发新产品，雅诗兰黛集团通过保持“经典”产品的完整性、开发护肤与彩妆的新种类以及在生产过程中使用新技术等，推进现有品牌向纵深发展。  经过多年努力，雅诗兰黛集团孕育了一个具备独特平衡特点的品牌家族。这一平衡，既体现在所有品牌的定位区隔之上，又呈现于各品牌不同的目标消费者群体之间，也凸显出品牌在品类以及地域优势方面的巧妙和谐。  创新是推动雅诗兰黛集团发展的重要驱动力。凭借着对研发的持续投入，雅诗兰黛集团以行业领先的技术，不断开展新研究，开发新配方，为消费者带来具有突破性意义的新产品。在全球各地，雅诗兰黛集团拥有一流的化学家、生物学家、微生物学家和物理学家，在美国梅尔维尔及布莱恩、加拿大马克姆、中国上海、日本东京、韩国首尔等地设有研发基地。  2.关于雅诗兰黛中国公司  雅诗兰黛与倩碧品牌于1993年进入中国市场，在上海设立第一个销售柜台。2002年7月雅诗兰黛集团正式成立在中国的全资子公司。如今，雅诗兰黛集团在国内已拥有包括Estée Lauder (雅诗兰黛), LA MER (海蓝之谜), M·A·C（魅可），Clinique (倩碧), Jo Malone London（祖·玛珑）、TOM FORD BEAUTY （汤姆福特美妆），BOBBI BROWN (芭比波朗)， Origins（悦木之源），DARPHIN（朵梵），LAB SERIES（朗仕），AERIN Beauty（雅芮），GLAMGLOW（格莱魅）、KILIAN PARIS（凯利安）和Editions de Parfums Frédéric Malle（馥马尔香水出版社）在内的十四个品牌，以及Ermenegildo Zegna、Michael Kors、Tommy Hilfiger等一些设计师香水品牌。  在过去的28年里，雅诗兰黛集团以服务中国消费者和深化市场承诺为荣。雅诗兰黛集团中国公司一直延续着高于行业平均水平的成长速度，业务持续大幅增长。2018年起，中国已成为雅诗兰黛集团最大的国际市场。而中国也是集团原材料供应的基地之一，集团亚太地区的全球供应链部门在上海驻有团队，每年在华采购量接近30亿元人民币。  雅诗兰黛集团于2005年在上海张江正式成立创新研发中心，拥有中国顶尖科学家和工程师组成的研发团队，是中国高端美妆产品的研发先锋。2020年2月，雅诗兰黛集团宣布，为了进一步协助深化中国美妆行业在全球科研领域的领导地位，计划在华投建世界级研发中心，利用前沿技术及设备，推动中国、亚太地区乃至辐射世界各地的突破性美容创新。2020年11月8日，上海市闵行区人民政府、临港集团和雅诗兰黛集团三方举行签约仪式，正式对外宣布：雅诗兰黛集团全球创新研发中心落户上海市闵行区漕河泾科技绿洲园区。该中心势必将更有力地践行雅诗兰黛集团对质量把控、可持续发展和员工赋能的“美丽承诺”。  作为一家由女性创立的公司，雅诗兰黛集团视人才为最宝贵的财富，坚定地致力于在中国以及世界各地投资女性人才。目前，雅诗兰黛集团中国公司员工中，女性比例占87%，高管团队中女性占比76%。雅诗兰黛集团中国公司亦高度重视本地人才招聘和培养，员工数量从2002年的220名增加到今天的近6500名。值得一提的是，中国公司高管团队已完全本地化，这在业内独一无二。凭借着雇主品牌建设，雅诗兰黛集团于2016至2021年连续六年获评杰出雇主调研机构(Top Employers Institute) “中国杰出雇主”，并于2016年荣膺怡安翰威特“2016年中国最佳雇主”榜单之“最佳女性雇主”称号。  与快速发展齐头并进，雅诗兰黛集团积极回馈本地社会，做优秀企业公民。鉴于在推动中美两国经济文化交流中的杰出贡献，雅诗兰黛集团被中国政府与美国政府共同授予2001年度“马可波罗奖”。为驰援新冠肺炎疫情防控，雅诗兰黛集团在华已累计捐赠现金及物资1500万元人民币，均已落到实处。  雅诗兰黛集团粉红丝带乳腺癌防治运动由雅诗兰黛集团前副总裁伊芙琳o兰黛和友人于1992年在美国共同发起，旨在向全球女性宣传“及早预防、及早发现、及早治疗”防治乳腺癌理念，已成为全球最重要、最有影响力的女性健康教育活动之一。2003年，雅诗兰黛集团将“粉红丝带乳腺癌防治运动”引入中国，号召女性朋友定期检查乳腺健康，资助国内医学机构的研究活动，2011年设立“粉红丝带贫困资助专项基金”。据统计，过去18年来，雅诗兰黛集团已累计向十亿人次的中国消费者普及乳腺癌疾病知识。2019年，雅诗兰黛集团聚焦精准医疗扶贫，启动“粉红丝带乳腺癌防治义诊与宣教计划”，特邀多学科综合诊疗团队，赴偏远地区进行义诊和普及教育。2020年11月第三届进博会期间，“雅诗兰黛集团粉红丝带帮扶公益计划”正式启动，以实际行动支援中西部和华东内陆区域的贫困乳腺癌患者，与当地相关机构携手合力，赋能针对贫困乳腺癌患者“早诊疗”体系的建设。  另外，雅诗兰黛集团旗下品牌也积极投身公益，海蓝之谜“守护蔚蓝海洋”、悦木之源“悦木之林”、魅可“关爱艾滋病患者”项目均取得良好的社会效应。 \xa0\xa0 如果你：  爱美有激情，热爱投入化妆品行业  思维开放，学习达人  头脑灵活，有强大的创造力和执行力  超级“企业家精神”，撸起袖子说干就干  那快加入雅诗兰黛集团吧！  “绽放·菁彩有你，雅诗兰黛集团，为你而来。”  2022暑期实习岗位：  市场/电商菁英、财务菁英、供应链菁英、设计中心菁英  2022暑期实习工作地点：上海 \xa0\xa0 申请流程  网申+线上笔试（4月1日至5月15日）  线上/线下宣讲之听大佬说（4月中旬至4月底）  AI视频面试（4月15日至5月30日）  一天搞定小组面试+终面（6月初至6月中旬）  暑期实习Offer发放（6月底） \xa0\xa0 2022秋暑期实习岗位要求：  市场/电商菁英  工作内容:  行业顶尖领袖亲自带教，学习行业趋势  快速掌握美妆行业制胜秘诀，一键打造职场技能  参与热门项目，在挑战中成长  应聘要求：  于2021年9月至2022年7月间毕业的本科/ 研究生  可全勤参加2021年7月至8月为期8周的暑期实习计划  热爱美妆行业，热爱美  学习达人，思维开放，乐于接受新事物  头脑灵活，强大的创造力  超级执行力，撸起袖子说干就干 \xa0\xa0 财务菁英  工作内容:  资深财务导师亲自带教  学习不同的财务专业知识和技能  整理并分析相关数据，预测可能出现的财务风险  在具有挑战的工作中迅速成长  应聘要求：  于2021年9月至2022年7月间毕业的本科/ 研究生  可全勤参加2021年7月至8月为期8周的暑期实习计划  热爱美妆行业，热爱美  较强的数据分析能力和商业敏感度  学习达人，思维开放，乐于接受新事物  较强的人际沟通能力和团队合作精神  具有 “企业家精神”，撸起袖子说干就干  财务认证资格（如CPA、CMA、CFA等）优先考虑 \xa0\xa0 供应链菁英  工作内容:  行业顶尖领袖亲自带教，学习供应链部门不同的专业领域内容  参与热门项目，在挑战中成长  应聘要求：  于2021年9月至2022年7月间毕业的本科/ 研究生  可全勤参加2021年7月至8月为期8周的暑期实习计划  热爱美妆行业，热爱美  学习达人，思维开放，乐于接受新事物  头脑灵活，缜密的逻辑思维和强大的创造力  具有 “企业家精神”，撸起袖子说干就干  细致的观察和严谨工作态度 \xa0\xa0 设计中心菁英  工作内容：  掌握设计管理，材料工艺及项目管理等相关技能、Store Design的基本要求和流程  了解视觉陈列营销（Visual Merchandising）及专柜维修管理系统  应聘要求：  于2021年9月至2022年7月间毕业的本科/ 研究生  可全勤参加2021年7月至8月为期8周的暑期实习计划  热爱美妆行业，热爱美  环境或艺术设计专业毕业（能熟练运用Adobe 系列软件，Sketchup，AutoCAD,3dsMaxs等设计软件优先考虑）  热爱设计和创意，思路清晰并充满激情  较强的学习能力和适应能力，思维开放，善于学习新技能  较强沟通能力，要求具备流利的英语沟通能力  团队合作精神，细致的观察和严谨工作态度 \xa0\xa0\xa0\xa0 -- \xa0\xa0 ']"
24,[' (Sat May\xa0\xa01 12:59:20 2021)'],['个人提供一对一英语辅导（北京，纯个人）'],['本人提供一对一英语家教辅导：中考英语、高考英语、考研英语、考博英语、公共英语、大学英语、雅思、商务英语。纯个人，非机构、非中介。请联系我：要武陵 要0叁贰灵③贰散 \xa0\xa0 -- \xa0\xa0 ']
25,[' (Thu May\xa0\xa06 11:40:34 2021)'],['【新浪】爬虫实习生招聘'],['简历请以“XX大学XX应聘爬虫实习生”为标题，发送至：publish@staff.sina.com.cn \xa0\xa0\xa0\xa0\xa0\xa0\xa0\xa0\xa0\xa0 工作地点：北京市\xa0\xa0\xa0\xa0招聘人数：3名  实习期间表现优异者可转校招录用。 \xa0\xa0\xa0\xa0\xa0\xa0\xa0\xa0\xa0\xa0\xa0\xa0\xa0\xa0\xa0\xa0\xa0\xa0\xa0\xa0 职位描述：  1. 负责新浪爬虫系统开发；\xa0\xa0  2. 负责配置网站爬虫规则；\xa0\xa0  3. 负责内容质量规则配置与优化；  4. 参与自然语言处理和图片识别等相关开发。 \xa0\xa0\xa0\xa0\xa0\xa0\xa0\xa0\xa0\xa0\xa0\xa0\xa0\xa0\xa0\xa0\xa0\xa0\xa0\xa0 任职要求：  1.研一、研二或者大二、大三学生，实习期最好至少六个月，每周实习三到四天以上  1.熟悉python/Go等开发语言  2.了解http协议，对抓包、模拟请求、模拟登陆等有一定了解\xa0\xa0  3.能熟练掌使用xpath、正则等对html文本进行处理  4.了解flask/tornado/django、scrapy等web框架  5.了解机器学习，能通过深度学习方面的知识对文本、图像、视频进行处理的更佳。 \xa0\xa0\xa0\xa0\xa0\xa0\xa0\xa0\xa0\xa0\xa0\xa0\xa0\xa0\xa0\xa0\xa0\xa0\xa0\xa0\xa0\xa0\xa0\xa0 实习期间表现优异者可转校招录用。  简历请以“XX大学XX应聘爬虫实习生”为标题，发送至：publish@staff.sina.com.cn \xa0\xa0\xa0\xa0\xa0\xa0\xa0\xa0\xa0\xa0\xa0\xa0\xa0\xa0\xa0\xa0\xa0\xa0 谢谢。\xa0\xa0 -- \xa0\xa0\xa0\xa0 -- \xa0\xa0 ']
26,[' (Thu May\xa0\xa06 18:15:58 2021)'],['【事业单位，薪资200元/天】北京中国信息通信研究院产业与规划研'],"['【事业单位，薪资200元/天】北京中国信息通信研究院产业与规划研究所实习生招聘 \xa0\xa0 产业规划实习生招聘启事  中国信息通信研究院始建于1957年，是工业和信息化部直属科研事业单位。我院作为“国家高端专业智库，产业创新发展平台”，是我国ICT产业创新的推动者和技术标准引领者,近年来在5G、十三五规划、中国制造2025、互联网+、智慧城市、云计算、大数据、安全、双创等热点领域取得了突出的成绩。  产业与规划研究所是中国信息通信研究院的核心部门，是国家级政策咨询和管理咨询机构，是国家信息通信领域（ICT）、综合政策领域最重要的支撑单位之一，专业范围涉及信息通信、信息化、互联网等领域。 \xa0\xa0 招聘岗位：产业规划实习生  工作地点：北京市海淀区花园北路52号  工作时间：每周保证至少3天  工作报酬：100-200元/天（视工作强度与完成效果而定）  简历接收邮箱：zhouxi@caict.ac.cn,邮件命名为实习生+学校+专业+每周实习天数+上岗时间 \xa0\xa0 岗位职责：  1、信息收集、整理和提炼总结；  2、参与项目调研与思路讨论；  3、参与数字经济重点领域研究；  4、交办的其他工作。 \xa0\xa0 能力要求：  1、逻辑思维能力强，分析能力佳，有较强的文字写作能力及语言表达能力；  2、熟练使用Word、PPT、Excel；  3、本科及以上学历；  4、对数字经济有一定了解者、能接受加班和出差的优先。  想报名的在公众号【北京实习生频道】可直接报名。  -- \xa0\xa0 ']"
27,[' (Thu May\xa0\xa06 18:18:04 2021)'],['【互联网大厂，租房补贴，明星扫楼】上海哔哩哔哩bilibili招聘渠'],['【互联网大厂，租房补贴，明星扫楼】上海哔哩哔哩bilibili招聘渠道运营实习生 \xa0\xa0 图片  岗位职责  1、数据分析：整理监控分析客户生命周期、流失原因、重要考核指标达成情况；  2、客户运营：学习广告审核制度及沟通工作；  3、代理赋能：掌握产品功能并输出培训方案，赋能监督代理运营掌握；  4、销售案例：协助整理销售案例，帮助销售拓客。 \xa0\xa0 任职要求  1、熟练使用office办公软件、熟练使用excel数据分析功能、其他数据分析工具可加分；  2、热爱B站，熟悉ACG文化，懂梗会玩梗优先；  3、一周工作3天以上，早10晚7。 \xa0\xa0 薪资福利  1、不定时部门团建+无限撸猫体验+公司中二有爱活动体验+明星扫楼；  2、异地实习租房补贴。 \xa0\xa0 想报名的在公众号【上海实习生招聘】可直接报名。  -- \xa0\xa0 ']
28,[' (Thu May\xa0\xa06 18:18:48 2021)'],['【南方系传媒，事业单位，实习补贴，可转正】广州/深圳21世纪经'],['【南方系传媒，事业单位，实习补贴，可转正】广州/深圳21世纪经济报道实习生招聘 \xa0\xa0 【21世纪经济报道】内容编辑实习生招聘 \xa0\xa0 实习地点：广州、深圳（可远程实习） \xa0\xa0 岗位职责：  1.对各类信息进行研判，从价值挖掘角度策划、组织以及撰写稿件，编辑处理重要稿件；  2.快速整合市场热点信息和动态文章；  3.配合编辑做好选题、审稿以及发稿等工作。 \xa0\xa0 任职要求：  1.本科以上学历，专业不限，金融、财务、经济类专业优先；  2.对资本市场有一定的理解，具有良好的文字功底和财经知识储备；  3.有A股投资经验、熟悉二级市场更佳；  4.热爱新闻事业，具有良好的组织、沟通、应变能力，能及时有效处理值班过程中各种突发状况；  5.每周至少3天可到岗实习。 \xa0\xa0 可以提供实习证明，表现优异有转正机会。 \xa0\xa0 【21世纪经济报道】财经新媒体编辑实习生招聘  招聘职位：财经新媒体编辑实习生  人数：3人\xa0\xa0\xa0\xa0 岗位职责：  1、参与投资情报栏目运维，捕捉资本市场热点，通过数据分析、观点提炼及分析，为投资者提供价值资讯；  2、监测新闻热点，运营维护21财经APP资讯；  3、参与新闻原创策划，独立撰写或协助采编成稿；  4、领导安排的其他工作。 \xa0\xa0  岗位要求：  1、本科及以上学历在校大学生，有财经、证券金融行业工作背景，投资经验优先；  2、对财经新闻敏感，擅长发现并快速编辑处理相关要点；  3、对资本市场和投资感兴趣，熟悉宏观、公司、股市或国际财经等至少一个领域；  4、有一定的财经知识储备和数据分析能力，具备良好的文字功底；  5、有强烈的上进心，能适应轮班制。 \xa0\xa0  公司地点：广州市越秀区广州大道中307号富力新天地中心50楼 \xa0\xa0 备注：可根据工作能力情况发放实习补贴。  想报名的在公众号【广东实习生招聘】可直接报名。  -- \xa0\xa0 ']
29,[' (Thu May\xa0\xa06 18:19:12 2021)'],['【互联网大厂，员工内购，免费健身房，可内推】广州网易广告优化'],['【互联网大厂，员工内购，免费健身房，可内推】广州网易广告优化实习生招聘 \xa0\xa0\xa0\xa0  岗位职责  1、作为助理听从优化师安排，协助解决广告投放环节各个问题；  2、整理各行业广告主投放数据，做统计与分析，提供曰报给广告主；  3、熟悉广告投放后台，操作广告物料上线与投放优化（重复性较强）；  4、协助优化师与广告主沟通，对接内部各部门流程；  5、熟练使用Photoshop，参与广告物料的制作把控环节。 \xa0\xa0 岗位要求  1、本科大三大四/研一研二学生，电商/管理/统计/金融专业优先；\xa0\xa0 2、精通Excel、熟悉Photoshop者优先；  3、具备良好的沟通协调能力、学习能力、解决问题能力和执行力；  4、每周至少4个工作日到岗（可请两个半天假），可5天者优先；  5、要求至少实习满3个月，可实习6个月者优先。 \xa0\xa0 工作地点  广州市 \xa0\xa0 薪酬福利  1、熟悉互联网广告运营、用户增长的行业知识；学习效果广告投放流程、优化经验等；  2、作为助理专职为一个广告优化师服务，可享受优化师针对性的培训和指导；  3、享受工作福利包括：实习生绩效奖金、网易内购员工价、健身房瑜伽室等免费硬件设施、网易内部公开课、节假日各类活动等；  4、实习满6个月可以获得网易实习证明；  5、可参与网易其他部门的正职内推  想报名的在公众号【广东实习生招聘】可直接报名。  -- \xa0\xa0 ']
30,[' (Thu May\xa0\xa06 18:29:31 2021)'],['[券商实习]中信建投研究所宏观组'],['【岗位】中信建投研究所宏观组  【内容】资料与数据整理，课题与报告撰写，其他日常事物  【要求】一流大学本科及以上学历，对宏观和二级市场感兴趣，3个月以上；熟悉美国、长期实习优先  【地点】北京朝阳门（疫情期间远程为主）  【投递】邮件主题命名：姓名-性别-学校-专业-年级-毕业时间-入职日期-每周几天；发送邮箱：fduqianwei@126.com  -- \xa0\xa0 ']
31,[' (Thu May\xa0\xa06 18:28:55 2021)'],['首创证券招聘【电子行业研究员】'],['\xa0\xa0\xa0职责：  1、撰写电子行业的公司报告、行业报告。  2、跟踪并调研上市公司，及时掌握公司动态。  3、整理资料、收集数据，为撰写报告积累素材。 \xa0\xa0  任职要求：  1、985大学硕士研究生及以上学历，专业不限，电子类优先。  2、了解券商分析师工作，喜欢做扎实研究。  3、3年以内相关工作经验，电子相关实业、一二级市场均可。 \xa0\xa0 工作地点：北京 \xa0\xa0 简历投递邮箱：helizhong@sczq.com.cn \xa0\xa0  待遇：提供有市场竞争力的待遇，具体面议。  -- \xa0\xa0 ']
